"url","username","password","httpRealm","formActionOrigin","guid","timeCreated","timeLastUsed","timePasswordChanged"
"https://accounts.google.com","hhitchcock231@gmail.com","Belladog231",,"https://accounts.google.com","{27fc29d2-6c7f-4807-bbea-abd47fab9ca0}","1693177763962","1694384403132","1693177763962"
"https://login.pratt.edu","jhitch31@pratt.edu","belladog231",,"https://login.pratt.edu","{943c9a19-c83f-4d5c-aff0-1f8984284da3}","1693177792655","1697765888455","1693177792655"
"https://www.reddit.com","sickle2_2","Direct2234*",,"https://www.reddit.com","{70630c86-c8a5-4bba-ae75-12e52672ef7e}","1693183846763","1693183846763","1693183846763"
"https://www.ebay.com","","Belladog23178*",,"https://www.ebay.com","{49c8ae19-223f-480e-a884-f73322c28ce5}","1693273378801","1693273378801","1693273378801"
"https://www.amazon.com","hhitchcock231@gmail.com","Belladog231",,"https://www.amazon.com","{f6c5a0cf-93dc-46e8-ab43-5fb1145bb68a}","1693715813078","1693715813078","1693715813078"
"https://accounts.discogs.com","polarist","Belladog23178*",,"https://accounts.discogs.com","{38ed3f8f-8483-4366-84ed-d778e51e76ba}","1693716409885","1693716409885","1693716409885"
"https://www.humblebundle.com","henryduck231@gmail.com","Direct2234*",,"https://www.humblebundle.com","{334d71de-7d1b-48e1-9490-b90cedada593}","1694384606151","1694384606151","1694384606151"
"https://reg.usps.com","porkhorse","Belladog2317",,"https://reg.usps.com","{839e3ddc-42c8-4029-bd4d-2214b526279e}","1694488219246","1695053848949","1694488219246"
"https://localmonero.co","uhzmtdi","Direct2234*",,"https://localmonero.co","{1dd682be-0b6e-472e-a394-ac3081ec1a52}","1694819160351","1694819160351","1694819160351"
"https://rancocapital.appfolio.com","hhitchcock231@gmail.com","Belladog23178*",,"https://rancocapital.appfolio.com","{97019023-184a-4bcf-a2b4-980813912a30}","1696135809340","1696135809340","1696135809340"
"https://www.delta.com","henryhitchcock","Belladog23178*",,"https://www.delta.com","{21292b1d-7f40-402f-8a10-b37681ecff1a}","1696223991226","1696223991226","1696223991226"
"https://www.delta.com","Hitchcock","Belladog23178*",,"https://www.delta.com","{ce0349ac-970a-487d-852b-199d6daed919}","1696382624226","1696382624226","1696382624226"